<?xml version="1.0" encoding="UTF-8"?>
<beans:beans xmlns="http://www.springframework.org/schema/mvc"
	xmlns:xsi="http://www.w3.org/2001/XMLSchema-instance" xmlns:beans="http://www.springframework.org/schema/beans"
	xmlns:context="http://www.springframework.org/schema/context" xmlns:tx="http://www.springframework.org/schema/tx"
	xsi:schemaLocation="http://www.springframework.org/schema/mvc http://www.springframework.org/schema/mvc/spring-mvc.xsd
		http://www.springframework.org/schema/beans http://www.springframework.org/schema/beans/spring-beans.xsd
		http://www.springframework.org/schema/context http://www.springframework.org/schema/context/spring-context.xsd
		http://www.springframework.org/schema/tx http://www.springframework.org/schema/tx/spring-tx-4.0.xsd http://www.springframework.org/schema/cache 
        http://www.springframework.org/schema/cache/spring-cache.xsd">

	<annotation-driven />

	<!-- <resources mapping="/resources/**" location="/resources/" /> -->

	<!-- <beans:bean id="dataSource" class="org.apache.commons.dbcp.BasicDataSource"
		destroy-method="close">
		<beans:property name="driverClassName" value="com.mysql.jdbc.Driver" />
		<beans:property name="url"
			value="jdbc:mysql://localhost:3306/lvcatalog" />
		<beans:property name="username" value="root" />
		<beans:property name="password" value="root" />
	</beans:bean> -->
	
	<beans:bean id="dataSource" class="org.apache.commons.dbcp.BasicDataSource"
		destroy-method="close">
		<beans:property name="driverClassName" value="oracle.jdbc.driver.OracleDriver" />
		<beans:property name="url"
			value="jdbc:oracle:thin:@127.0.0.1:1521/orcl" />
		<beans:property name="username" value="SYSTEM" />
		<beans:property name="password" value="Oracle_123" />
	</beans:bean>

	<!-- Hibernate 5 SessionFactory Bean definition -->
	<beans:bean id="hibernate5AnnotatedSessionFactory"
		class="org.springframework.orm.hibernate5.LocalSessionFactoryBean">
		<beans:property name="dataSource" ref="dataSource" />
		<beans:property name="packagesToScan">
    		<beans:list>
      		  <beans:value>de.man.mn.esa.eoicatalog.laborvalue.dao</beans:value>           
    		</beans:list>
		</beans:property>
		<beans:property name="hibernateProperties">
			<beans:props>
				<beans:prop key="hibernate.dialect">org.hibernate.dialect.Oracle10gDialect</beans:prop>
				<beans:prop key="hibernate.show_sql">true</beans:prop>
		 		<beans:prop key="hibernate.connection.pool_size">5</beans:prop>
		 		<beans:prop key="hibernate.cache.use_second_level_cache">true</beans:prop>
				<beans:prop key="hibernate.cache.provider_class">org.hibernate.cache.EhCacheProvider</beans:prop>
				<beans:prop key="hibernate.cache.region.factory_class">org.hibernate.cache.ehcache.EhCacheRegionFactory</beans:prop>
				<beans:prop key="hibernate.default_schema">EOIWRITE</beans:prop>
				<!--<beans:prop key="hibernate.cache.use_query_cache">true</beans:prop>
		 		 <beans:prop key="hibernate.cache.provider_class">org.hibernate.cache.EhCacheProvider</beans:prop>
		 		<beans:prop key="org.hibernate.cache.ehcache.configurationResourceName">/ehcache.xml</beans:prop>
		 		<beans:prop key="hibernate.javax.cache.provider">org.ehcache.jsr107.EhcacheCachingProvider</beans:prop>
		 		<beans:prop key="hibernate.cache.use_second_level_cache">true</beans:prop>
		 		<beans:prop key="hibernate.cache.use_query_cache">true</beans:prop>
		 		<beans:prop key="hibernate.connection.release_mode">ON_CLOSE</beans:prop>-->
			</beans:props>
		</beans:property>
	</beans:bean>
	
	<context:component-scan base-package="de.man.mn.esa.eoicatalog" />
	
	<!-- <beans:bean id="jsonMessageConverter"
            class="org.springframework.http.converter.json.MappingJackson2HttpMessageConverter"/> -->
	
	<tx:annotation-driven transaction-manager="transactionManager"/>
	
	<beans:bean id="transactionManager" class="org.springframework.orm.hibernate5.HibernateTransactionManager">
		<beans:property name="sessionFactory" ref="hibernate5AnnotatedSessionFactory" />
	</beans:bean>
	
	<beans:bean id="hibernateTemplate" class="org.springframework.orm.hibernate5.HibernateTemplate">
    	<beans:property name="sessionFactory" ref="hibernate5AnnotatedSessionFactory"/>
	</beans:bean>


</beans:beans>
